Date,Open,Max,Min,Close,Volume
2014-09-03,0.9639,0.9639,0.9543,0.9543,322
2014-09-04,0.9925,0.9925,0.9639,0.9639,15
2014-09-05,0.9925,0.9925,0.9925,0.9925,2
2014-09-08,0.9925,0.9925,0.9543,0.9543,329
2014-09-09,0.9925,0.9925,0.9161,0.9161,778
2014-09-10,0.9829,0.9829,0.9543,0.9829,1570
2014-09-11,0.9829,0.9829,0.9161,0.9829,130
2014-09-12,0.9734,0.9734,0.878,0.9352,14327
2014-09-15,0.9352,0.9352,0.9352,0.9352,2261
2014-09-16,0.9352,0.9352,0.878,0.878,4466
2014-09-17,0.878,0.9066,0.8589,0.8589,51419
2014-09-18,0.9066,0.9066,0.9066,0.9066,45
2014-09-19,0.9066,0.9066,0.9066,0.9066,46
2014-09-22,0.9257,0.9257,0.9257,0.9257,16
2014-09-23,0.9257,0.9257,0.9257,0.9257,4
2014-09-24,0.9257,0.9257,0.9257,0.9257,49
2014-09-25,0.9257,0.9257,0.9257,0.9257,8
2014-09-26,0.9257,0.9257,0.9066,0.9066,15052
2014-09-29,0.9161,0.9257,0.8875,0.9257,2013
2014-09-30,0.9161,0.9161,0.9161,0.9161,7
2014-10-01,0.9257,0.9257,0.8875,0.9066,1202
2014-10-02,0.9066,0.9066,0.9066,0.9066,1094
2014-10-03,0.8875,0.8875,0.878,0.878,2620
2014-10-06,0.878,0.9543,0.878,0.9543,4901
2014-10-07,0.9543,0.9543,0.8971,0.9543,1891
2014-10-08,0.9925,0.9925,0.9829,0.9829,16
2014-10-09,0.9829,0.9829,0.9639,0.9829,1880
2014-10-10,0.9734,0.9734,0.9734,0.9734,9
2014-10-13,0.9829,0.9829,0.8875,0.9829,6394
2014-10-14,0.9829,0.9829,0.8684,0.878,10284
2014-10-15,0.9161,0.9161,0.8493,0.9161,12625
2014-10-16,0.9161,0.9161,0.9161,0.9161,30
2014-10-17,0.9161,0.9161,0.9161,0.9161,503
2014-10-20,0.9161,0.9161,0.9066,0.9066,13
2014-10-21,0.9161,0.9161,0.9066,0.9066,532
2014-10-22,0.9066,0.9066,0.9066,0.9066,12
2014-10-23,0.9066,0.9066,0.9066,0.9066,10
2014-10-24,0.9066,0.9066,0.8875,0.9066,587
2014-10-27,0.9066,0.9066,0.9066,0.9066,10
2014-10-28,0.9066,0.9066,0.8207,0.8303,9667
2014-10-29,0.8493,0.878,0.8493,0.8493,7733
2014-10-30,0.878,0.878,0.8684,0.878,2629
2014-10-31,0.878,0.878,0.8112,0.8684,35110
2014-11-03,0.9066,0.9066,0.878,0.878,4199
2014-11-04,0.8971,0.8971,0.8112,0.8589,24218
2014-11-05,0.8875,0.8875,0.8589,0.8589,1488
2014-11-06,0.8875,0.8875,0.8589,0.8875,1046
2014-11-07,0.8875,0.8875,0.8207,0.8589,11740
2014-11-10,0.878,0.9734,0.8684,0.9734,141660
2014-11-12,0.9734,1.1738,0.9734,1.0593,127057
2014-11-13,1.0593,1.0593,1.0497,1.0497,3436
2014-11-14,1.0497,1.0497,0.9925,0.9925,11528
2014-11-17,0.9448,1.0211,0.9448,1.0211,20068
2014-11-18,1.0975,1.0975,1.0688,1.0688,12
2014-11-19,1.0497,1.0497,1.0211,1.0211,54
2014-11-20,1.002,1.002,0.9352,0.9925,58
2014-11-21,0.9925,0.9925,0.9543,0.9543,2098
2014-11-24,0.9925,0.9925,0.9734,0.9925,2505
2014-11-25,1.002,1.002,0.9448,1.002,35249
2014-11-26,1.002,1.0211,0.9925,1.0211,1570
2014-11-27,1.0211,1.0211,1.0211,1.0211,65
2014-11-28,1.0116,1.0116,0.9543,1.0116,122
2014-12-01,1.0116,1.0497,1.0116,1.0497,7319
2014-12-02,1.0402,1.0402,0.9829,1.0402,8053
2014-12-03,1.0402,1.0402,0.9829,1.0211,3802
2014-12-04,1.0402,1.0402,0.9543,0.9543,5821
2014-12-05,0.9543,1.0307,0.9448,1.0307,10174
2014-12-08,1.0593,1.0593,0.9543,1.0307,5758
2014-12-09,1.0211,1.0211,0.9543,1.0211,5243
2014-12-10,0.9925,0.9925,0.9829,0.9829,1626
2014-12-11,0.9543,0.9543,0.9066,0.9066,18481
2014-12-12,0.9448,0.9448,0.9161,0.9448,56
2014-12-15,0.9448,0.9448,0.9448,0.9448,3060
2014-12-16,0.9925,0.9925,0.9161,0.9161,17013
2014-12-17,0.9543,0.9543,0.878,0.878,6429
2014-12-18,0.9066,0.9066,0.8971,0.9066,1655
2014-12-19,0.8875,0.9066,0.8589,0.9066,42956
2014-12-22,0.9829,0.9829,0.8875,0.9448,202
2014-12-23,0.9352,0.9448,0.9352,0.9448,3
2014-12-29,0.9734,0.9734,0.9543,0.9639,7134
2014-12-30,0.9639,0.9639,0.9066,0.9066,2797
2015-01-02,0.9257,0.9448,0.9066,0.9257,5405
2015-01-05,0.9448,0.9448,0.8875,0.9257,3335
2015-01-07,0.9543,0.9829,0.9448,0.9448,10723
2015-01-08,0.9829,1.002,0.9639,0.9639,13568
2015-01-09,1.002,1.002,0.9639,0.9639,3326
2015-01-12,1.002,1.002,0.9543,1.002,1855
2015-01-13,1.002,1.002,0.9543,0.9925,6313
2015-01-14,0.9925,0.9925,0.9925,0.9925,72
2015-01-15,0.9925,0.9925,0.9257,0.9925,11676
2015-01-16,0.9925,0.9925,0.9543,0.9734,3569
2015-01-19,0.9925,0.9925,0.9639,0.9829,5237
2015-01-20,0.9925,0.9925,0.9543,0.9925,7922
2015-01-21,0.9925,0.9925,0.9543,0.9925,4200
2015-01-22,0.9925,0.9925,0.9925,0.9925,18
2015-01-23,0.9925,0.9925,0.9639,0.9925,3590
2015-01-26,0.9925,1.0211,0.9925,1.0211,5560
2015-01-27,1.0116,1.0116,0.9639,1.002,3235
2015-01-28,1.002,1.002,0.9734,1.002,2193
2015-01-29,1.0211,1.0211,1.002,1.002,2780
2015-01-30,1.0211,1.0211,0.9639,1.0211,782
2015-02-02,1.0211,1.0211,1.0211,1.0211,1042
2015-02-03,1.0211,1.0211,0.9925,1.0116,3165
2015-02-04,1.0593,1.1452,1.0593,1.1165,50984
2015-02-05,1.0497,1.0784,1.0211,1.0402,45521
2015-02-06,1.0593,1.0593,1.0116,1.0593,4180
2015-02-09,1.0497,1.0975,1.0497,1.0975,1058
2015-02-10,1.0879,1.0879,1.0497,1.0879,1232
2015-02-11,1.0879,1.0879,1.0879,1.0879,24
2015-02-12,1.0879,1.0879,1.0879,1.0879,20
2015-02-13,1.107,1.107,1.0784,1.0784,3150
2015-02-16,1.107,1.107,1.0975,1.107,683
2015-02-17,1.107,1.107,1.0211,1.107,10489
2015-02-18,1.107,1.107,1.0402,1.107,734
2015-02-19,1.107,1.107,1.0497,1.0497,5279
2015-02-20,1.107,1.107,1.107,1.107,7
2015-02-23,1.107,1.107,1.0593,1.0593,15
2015-02-24,1.0593,1.1452,1.0497,1.0688,105249
2015-02-25,1.1165,1.1165,1.0497,1.0784,23469
2015-02-26,1.0784,1.107,1.0497,1.107,3916
2015-02-27,1.0975,1.0975,1.0879,1.0975,1902
2015-03-02,1.107,1.107,1.0497,1.107,11755
2015-03-03,1.107,1.107,1.0307,1.0307,14498
2015-03-04,1.0593,1.0593,1.0307,1.0593,2108
2015-03-05,1.0593,1.0593,1.0593,1.0593,613
2015-03-06,1.0593,1.0593,1.0307,1.0593,2472
2015-03-09,1.0593,1.0688,1.0593,1.0688,389
2015-03-10,1.0688,1.0688,1.002,1.0688,2229
2015-03-11,1.0688,1.0688,1.0688,1.0688,5032
2015-03-12,1.0688,1.0784,1.0688,1.0688,9988
2015-03-13,1.0784,1.0784,1.0688,1.0784,1897
2015-03-16,1.0688,1.0688,1.0688,1.0688,3145
2015-03-17,1.0688,1.0688,1.0593,1.0593,5239
2015-03-18,1.1356,1.2215,1.1261,1.212,144533
2015-03-19,1.2311,1.4315,1.2311,1.4315,274415
2015-03-20,1.4315,1.4983,1.3647,1.4219,52734
2015-03-23,1.4028,1.4887,1.4028,1.4792,127677
2015-03-24,1.4983,1.5746,1.4983,1.5555,153814
2015-03-25,1.5651,1.6605,1.5364,1.6032,254909
2015-03-26,1.5937,1.651,1.5937,1.651,71015
2015-03-27,1.6701,1.8323,1.6319,1.7273,89012
2015-03-30,1.8037,1.8609,1.7655,1.7655,73653
2015-03-31,1.8514,1.88,1.775,1.8227,14309
2015-04-01,1.8323,1.8418,1.6987,1.775,32847
2015-04-02,1.7655,1.7655,1.6987,1.7464,6024
2015-04-07,1.7082,1.7082,1.6605,1.6891,11948
2015-04-08,1.7082,1.7082,1.5651,1.6701,17636
2015-04-09,1.6701,1.775,1.6701,1.7082,16635
2015-04-10,1.775,1.775,1.6987,1.7655,1720
2015-04-13,1.775,1.775,1.7369,1.7655,6819
2015-04-14,1.7655,1.7655,1.6987,1.7464,5223
2015-04-15,1.7559,1.7655,1.7559,1.7655,2272
2015-04-16,1.7655,1.7655,1.6796,1.7464,3866
2015-04-17,1.7464,1.7464,1.6605,1.6605,5988
2015-04-20,1.7464,1.7559,1.6605,1.7178,3341
2015-04-21,1.7559,1.7559,1.6319,1.6319,7725
2015-04-22,1.6987,1.6987,1.5937,1.5937,4194
2015-04-23,1.6605,1.6605,1.6032,1.651,6078
2015-04-24,1.6605,1.6605,1.5078,1.6128,19458
2015-04-27,1.6605,1.6605,1.546,1.5937,4343
2015-04-28,1.6032,1.6319,1.5746,1.6223,10322
2015-04-29,1.651,1.6796,1.6223,1.6796,4437
2015-04-30,1.7369,1.7655,1.6987,1.7559,15737
2015-05-04,1.7559,1.7559,1.7369,1.7369,1183
2015-05-05,1.7273,1.7369,1.7178,1.7178,2910
2015-05-06,1.7178,1.8132,1.7082,1.7941,39858
2015-05-07,1.8037,1.8132,1.7559,1.7559,6110
2015-05-08,1.8037,1.88,1.7559,1.88,46892
2015-05-11,1.93,2.01,1.91,2,41321
2015-05-12,2.13,2.41,2.13,2.34,160830
2015-05-13,2.34,2.39,2.18,2.25,55957
2015-05-14,2.29,2.29,2.15,2.2,18625
2015-05-15,2.19,2.21,2.14,2.21,9048
2015-05-18,2.21,2.3,2.18,2.3,15379
2015-05-19,2.31,2.35,2.28,2.35,13760
2015-05-20,2.35,2.39,2.33,2.39,14211
2015-05-21,2.39,2.39,2.16,2.23,15531
2015-05-22,2.38,2.38,2.29,2.35,7799
2015-05-25,2.37,2.39,2.32,2.39,11283
2015-05-26,2.4,2.4,2.34,2.39,19889
2015-05-27,2.39,2.39,2.35,2.37,2027
2015-05-28,2.38,2.38,2.35,2.35,10170
2015-05-29,2.33,2.33,2.12,2.21,35472
2015-06-01,2.2,2.25,2.09,2.15,20075
2015-06-02,2.03,2.15,2.01,2.15,11826
2015-06-03,2.11,2.32,2.11,2.18,5494
2015-06-05,2.18,2.25,2.07,2.15,10027
2015-06-08,2.25,2.26,2.16,2.2,6265
2015-06-09,2.25,2.29,2.23,2.24,7065
2015-06-10,2.23,2.29,2.18,2.28,14741
2015-06-11,2.29,2.29,2.24,2.24,1052
2015-06-12,2.24,2.28,2.12,2.28,4777
2015-06-15,2.13,2.28,2.13,2.28,24
2015-06-16,2.27,2.27,2.2,2.2,2324
2015-06-17,2.28,2.28,2.16,2.2,1419
2015-06-18,2.16,2.22,2.14,2.22,3522
2015-06-19,2.22,2.28,2.22,2.28,7848
2015-06-22,2.14,2.27,2.14,2.18,2205
2015-06-23,2.28,2.28,2.24,2.24,103
2015-06-24,2.28,2.28,2.22,2.22,1315
2015-06-25,2.24,2.24,2.24,2.24,867
2015-06-26,2.24,2.24,2.19,2.24,1602
2015-06-29,2.18,2.22,2.12,2.22,2711
2015-06-30,2.13,2.15,2.12,2.14,6083
2015-07-01,2.14,2.24,2.14,2.24,2453
2015-07-02,2.25,2.28,2.17,2.28,4258
2015-07-03,2.28,2.28,2.26,2.26,60
2015-07-06,2.28,2.28,2.1,2.14,9004
2015-07-07,2.26,2.26,2.14,2.15,1666
2015-07-08,2.26,2.26,2.19,2.19,1005
2015-07-09,2.25,2.25,2.11,2.11,5408
2015-07-10,2.11,2.25,2.11,2.25,1191
2015-07-13,2.25,2.25,2.24,2.24,208
2015-07-14,2.24,2.24,2.15,2.24,214
2015-07-15,2.24,2.24,2.12,2.12,1742
2015-07-16,2.22,2.22,2.15,2.22,662
2015-07-17,2.18,2.18,2.1,2.16,14034
2015-07-20,2.16,2.16,1.98,2.15,6957
2015-07-21,2.15,2.22,2.15,2.22,858
2015-07-22,2.21,2.21,2.15,2.17,2683
2015-07-23,2.16,2.22,2.1,2.22,6576
2015-07-24,2.21,2.21,2.19,2.19,94
2015-07-27,2.12,2.16,2.08,2.15,4074
2015-07-28,2.15,2.15,2.06,2.06,2305
2015-07-29,2.06,2.06,2.03,2.06,11328
2015-07-30,2.05,2.05,2.03,2.05,3638
2015-07-31,2.06,2.06,1.94,1.99,15311
2015-08-03,1.94,1.98,1.91,1.91,12030
2015-08-04,1.91,2.07,1.86,1.97,6067
2015-08-05,2.06,2.2,2.06,2.2,6531
2015-08-06,2.19,2.25,2.13,2.13,9130
2015-08-07,2.2,2.22,2.13,2.13,1092
2015-08-10,2.2,2.23,2.15,2.2,3616
2015-08-11,2.21,2.23,2.16,2.19,1923
2015-08-12,2.22,2.22,2,2.09,29914
2015-08-13,2.09,2.13,2.03,2.13,8552
2015-08-14,2.13,2.22,2.13,2.22,9263
2015-08-17,2.22,2.22,2.19,2.19,1342
2015-08-18,2.21,2.21,2.17,2.21,1015
2015-08-19,2.2,2.2,2.15,2.2,5480
2015-08-20,2.19,2.19,2.15,2.17,886
2015-08-21,2.16,2.22,2.15,2.21,6554
2015-08-24,2.15,2.15,1.94,1.98,14956
2015-08-25,1.75,1.98,1.75,1.93,25576
2015-08-26,1.87,1.91,1.8,1.91,21625
2015-08-27,1.91,2,1.8,2,18139
2015-08-28,2,2,1.9,1.95,16687
2015-08-31,1.96,1.96,1.76,1.76,29677
2015-09-01,1.76,1.85,1.75,1.8,4950
2015-09-02,1.8,1.8,1.7,1.74,12826
2015-09-03,1.74,1.75,1.72,1.75,2088
2015-09-04,1.75,1.75,1.63,1.75,18943
2015-09-07,1.74,1.74,1.63,1.68,1756
2015-09-08,1.68,1.68,1.68,1.68,242
2015-09-09,1.68,1.75,1.63,1.72,2897
2015-09-10,1.75,1.75,1.55,1.64,9933
2015-09-11,1.6,1.71,1.6,1.71,4342
2015-09-14,1.69,1.69,1.56,1.65,4929
2015-09-15,1.65,1.7,1.58,1.67,2819
2015-09-16,1.58,1.67,1.58,1.65,244
2015-09-17,1.65,1.67,1.58,1.67,985
2015-09-18,1.67,1.67,1.65,1.67,2383
2015-09-21,1.67,1.76,1.6,1.61,6100
2015-09-22,1.61,1.7,1.61,1.7,2859
2015-09-23,1.65,1.67,1.58,1.67,17348
2015-09-24,1.71,1.71,1.69,1.69,74
2015-09-25,1.59,1.69,1.59,1.69,3832
2015-09-28,1.69,1.69,1.6,1.69,11858
2015-09-30,1.69,1.69,1.69,1.69,42
2015-10-01,1.69,1.69,1.67,1.67,138
2015-10-02,1.69,1.69,1.6,1.6,493
2015-10-05,1.58,1.69,1.58,1.58,4432
2015-10-06,1.63,1.63,1.63,1.63,100
2015-10-07,1.55,1.65,1.55,1.64,1859
2015-10-08,1.6,1.68,1.58,1.67,6994
2015-10-09,1.67,1.67,1.67,1.67,302
2015-10-12,1.68,1.69,1.68,1.69,3002
2015-10-13,1.7,1.7,1.7,1.7,1600
2015-10-14,1.71,1.71,1.6,1.66,11503
2015-10-15,1.6,1.7,1.6,1.68,11395
2015-10-16,1.7,1.7,1.65,1.67,267
2015-10-19,1.69,1.69,1.67,1.67,1519
2015-10-20,1.69,1.69,1.64,1.68,8504
2015-10-21,1.68,1.79,1.64,1.76,20480
2015-10-22,1.67,1.79,1.66,1.74,5473
2015-10-23,1.64,1.75,1.64,1.7,2536
2015-10-26,1.8,1.8,1.7,1.78,5121
2015-10-27,1.7,1.83,1.7,1.83,1195
2015-10-28,1.83,1.83,1.7,1.83,1606
2015-10-29,1.72,1.81,1.72,1.81,3702
2015-10-30,1.72,1.81,1.72,1.8,1318
2015-11-02,1.65,1.79,1.65,1.78,1696
2015-11-03,1.78,1.78,1.7,1.75,6434
2015-11-04,1.78,1.78,1.68,1.68,13571
2015-11-05,1.68,1.7,1.65,1.7,3040
2015-11-06,1.65,1.7,1.63,1.68,3359
2015-11-09,1.84,1.87,1.71,1.77,43217
2015-11-10,1.71,1.76,1.71,1.76,4990
2015-11-12,1.76,1.83,1.76,1.82,6445
2015-11-13,1.82,1.82,1.71,1.8,5902
2015-11-16,1.79,1.79,1.76,1.79,7270
2015-11-17,1.82,1.82,1.72,1.74,5939
2015-11-18,1.74,1.74,1.73,1.74,8825
2015-11-19,1.74,1.79,1.74,1.79,3308
2015-11-20,1.79,1.87,1.76,1.86,16601
2015-11-23,1.86,1.88,1.81,1.87,4256
2015-11-24,1.81,1.87,1.74,1.86,5398
2015-11-25,1.84,1.84,1.75,1.83,1746
2015-11-26,1.82,1.82,1.8,1.8,5126
2015-11-27,1.87,1.87,1.76,1.84,430
2015-11-30,1.87,1.87,1.83,1.83,4011
2015-12-01,1.82,1.85,1.8,1.84,2541
2015-12-02,1.82,1.84,1.75,1.75,15395
2015-12-03,1.79,1.79,1.69,1.75,3047
2015-12-04,1.75,1.75,1.69,1.75,7812
2015-12-07,1.79,1.79,1.75,1.78,1399
2015-12-08,1.79,1.8,1.7,1.8,6621
2015-12-09,1.77,1.77,1.7,1.77,20038
2015-12-10,1.74,1.75,1.72,1.75,5887
2015-12-11,1.77,1.8,1.71,1.75,1441
2015-12-14,1.75,1.75,1.73,1.75,1827
2015-12-15,1.75,1.75,1.75,1.75,562
2015-12-16,1.75,1.75,1.6,1.68,21628
2015-12-17,1.68,1.68,1.62,1.67,2870
2015-12-18,1.66,1.66,1.51,1.61,30384
2015-12-21,1.63,1.63,1.55,1.58,460
2015-12-22,1.63,1.63,1.57,1.62,880
2015-12-23,1.62,1.62,1.56,1.6,12525
2015-12-28,1.6,1.61,1.47,1.55,47052
2015-12-29,1.55,1.61,1.55,1.61,20639
2015-12-30,1.61,1.77,1.61,1.77,30195
2016-01-04,1.75,1.75,1.65,1.74,3696
2016-01-05,1.75,1.77,1.7,1.73,4559
2016-01-07,1.73,1.73,1.64,1.72,2063
2016-01-08,1.72,1.76,1.72,1.72,6302
2016-01-11,1.75,1.75,1.62,1.7,5364
2016-01-12,1.7,1.7,1.64,1.7,3037
2016-01-13,1.7,1.7,1.64,1.68,1261
2016-01-14,1.7,1.7,1.66,1.7,313
2016-01-15,1.7,1.7,1.62,1.69,9452
2016-01-18,1.67,1.67,1.62,1.62,4297
2016-01-19,1.57,1.67,1.57,1.58,13633
2016-01-20,1.6,1.64,1.55,1.64,10130
2016-01-21,1.68,1.68,1.63,1.64,1051
2016-01-22,1.64,1.64,1.64,1.64,68
2016-01-25,1.59,1.66,1.58,1.64,4972
2016-01-26,1.64,1.64,1.64,1.64,74
2016-01-27,1.63,1.63,1.55,1.6,10786
2016-01-28,1.6,1.6,1.58,1.58,47
2016-01-29,1.6,1.65,1.58,1.64,2067
2016-02-01,1.61,1.64,1.57,1.64,8162
2016-02-02,1.64,1.64,1.55,1.59,45272
2016-02-03,1.59,1.6,1.54,1.54,3208
2016-02-04,1.6,1.6,1.55,1.59,3378
2016-02-05,1.6,1.61,1.59,1.6,4965
2016-02-08,1.6,1.6,1.6,1.6,31
2016-02-09,1.6,1.6,1.6,1.6,902
2016-02-10,1.6,1.6,1.56,1.6,2361
2016-02-11,1.6,1.62,1.56,1.62,6802
2016-02-12,1.62,1.62,1.56,1.62,40
2016-02-15,1.57,1.63,1.55,1.62,8283
2016-02-16,1.6,1.6,1.55,1.57,20160
2016-02-17,1.55,1.56,1.53,1.56,8538
2016-02-18,1.53,1.56,1.51,1.55,7275
2016-02-19,1.55,1.55,1.55,1.55,5029
2016-02-22,1.56,1.59,1.55,1.59,7194
2016-02-23,1.59,1.59,1.57,1.59,1064
2016-02-24,1.59,1.59,1.57,1.59,77
2016-02-25,1.59,1.59,1.58,1.59,232
2016-02-26,1.59,1.59,1.57,1.59,147
2016-02-29,1.57,1.59,1.57,1.59,2351
2016-03-01,1.59,1.59,1.58,1.59,331
2016-03-02,1.59,1.59,1.59,1.59,29
2016-03-03,1.59,1.65,1.59,1.65,10699
2016-03-04,1.65,1.7,1.64,1.7,16829
2016-03-07,1.7,1.7,1.63,1.68,2323
2016-03-08,1.6,1.66,1.59,1.65,4438
2016-03-09,1.66,1.66,1.59,1.64,2687
2016-03-10,1.63,1.64,1.62,1.64,4932
2016-03-11,1.58,1.61,1.52,1.61,17664
2016-03-14,1.64,1.64,1.61,1.61,268
2016-03-15,1.62,1.62,1.57,1.62,1503
2016-03-16,1.57,1.62,1.57,1.62,3112
2016-03-17,1.62,1.62,1.62,1.62,1108
2016-03-18,1.62,1.62,1.62,1.62,2715
2016-03-21,1.62,1.62,1.61,1.62,4514
2016-03-22,1.45,1.59,1.45,1.58,24785
2016-03-23,1.59,1.7,1.59,1.66,18505
2016-03-24,1.7,1.7,1.67,1.69,3200
2016-03-29,1.7,1.7,1.63,1.69,12849
2016-03-30,1.67,1.67,1.64,1.67,1463
2016-03-31,1.67,1.67,1.6,1.64,9043
2016-04-01,1.7,1.7,1.61,1.68,3091
2016-04-04,1.68,1.68,1.64,1.67,941
2016-04-05,1.68,1.68,1.61,1.68,3366
2016-04-06,1.67,1.67,1.62,1.67,970
2016-04-07,1.67,1.68,1.61,1.68,14312
2016-04-08,1.69,1.7,1.67,1.7,1535
2016-04-11,1.72,2.07,1.71,1.97,82231
2016-04-12,2.05,2.05,1.85,1.89,51000
2016-04-13,1.9,2.09,1.82,1.98,47838
2016-04-14,1.98,2.05,1.92,1.96,49960
2016-04-15,1.9,1.98,1.87,1.9,15489
2016-04-18,1.9,1.92,1.79,1.85,64704
2016-04-19,1.85,1.92,1.81,1.86,16354
2016-04-20,1.85,1.96,1.85,1.93,25455
2016-04-21,1.93,1.93,1.86,1.89,6412
2016-04-22,1.87,1.88,1.84,1.88,5026
2016-04-25,1.88,1.88,1.8,1.88,7380
2016-04-26,1.88,1.93,1.84,1.91,14890
2016-04-27,1.91,2.06,1.91,1.93,29462
2016-04-28,1.95,2.04,1.95,2,26675
2016-04-29,2.04,2.05,2.01,2.04,11525
2016-05-02,2.04,2.06,1.96,2.04,6273
2016-05-04,1.98,2.02,1.98,2.01,1823
2016-05-05,2.01,2.02,1.91,1.95,3497
2016-05-06,1.92,1.95,1.91,1.95,2876
2016-05-09,1.93,1.93,1.82,1.85,31878
2016-05-10,1.82,1.82,1.75,1.82,31913
2016-05-11,1.92,1.92,1.85,1.92,11170
2016-05-12,1.87,1.99,1.87,1.92,5982
2016-05-13,1.92,1.96,1.87,1.87,12289
2016-05-16,1.78,1.9,1.78,1.88,67493
2016-05-17,1.89,1.92,1.86,1.9,4670
2016-05-18,1.92,1.94,1.89,1.92,8805
2016-05-19,1.92,1.92,1.81,1.89,17235
2016-05-20,1.9,1.9,1.82,1.88,3084
2016-05-23,1.88,1.88,1.79,1.85,4307
2016-05-24,1.88,1.88,1.76,1.84,6509
2016-05-25,1.83,1.86,1.76,1.82,15079
2016-05-27,1.84,1.88,1.83,1.83,11943
2016-05-30,1.83,1.89,1.78,1.86,18868
2016-05-31,1.86,1.86,1.86,1.86,2
2016-06-01,1.84,1.84,1.71,1.8,6027
2016-06-02,1.79,1.79,1.79,1.79,2
2016-06-03,1.71,1.79,1.71,1.73,2090
2016-06-06,1.79,1.84,1.76,1.83,12508
2016-06-07,1.88,1.88,1.8,1.85,3614
2016-06-08,1.78,1.91,1.78,1.91,24263
2016-06-09,1.94,1.97,1.9,1.95,12104
2016-06-10,1.95,1.95,1.91,1.91,6010
2016-06-13,1.9,1.9,1.8,1.9,6391
2016-06-14,1.9,1.9,1.9,1.9,3006
2016-06-15,1.8,1.8,1.77,1.8,9375
2016-06-16,1.76,1.79,1.75,1.76,1590
2016-06-17,1.8,1.8,1.8,1.8,56
2016-06-20,1.78,1.78,1.75,1.78,1503
2016-06-21,1.78,1.78,1.74,1.75,6848
2016-06-22,1.75,1.75,1.75,1.75,6500
2016-06-23,1.8,1.8,1.8,1.8,1027
2016-06-24,1.68,1.77,1.66,1.77,20266
2016-06-27,1.71,1.72,1.71,1.72,1003
2016-06-28,1.69,1.76,1.69,1.76,1317
2016-06-29,1.77,1.77,1.69,1.76,2534
2016-06-30,1.76,1.76,1.72,1.76,696
2016-07-01,1.76,1.76,1.73,1.75,1455
2016-07-04,1.75,1.76,1.74,1.76,12746
2016-07-05,1.7,1.73,1.69,1.73,6061
2016-07-06,1.7,1.7,1.62,1.67,7648
2016-07-07,1.67,1.71,1.67,1.71,1199
2016-07-08,1.7,1.7,1.7,1.7,300
2016-07-11,1.69,1.69,1.69,1.69,2000
2016-07-13,1.69,1.69,1.68,1.68,1972
2016-07-14,1.66,1.72,1.66,1.72,4134
2016-07-15,1.67,1.75,1.67,1.75,4190
2016-07-18,1.74,1.74,1.67,1.74,1716
2016-07-19,1.74,1.74,1.74,1.74,41
2016-07-20,1.74,1.75,1.71,1.75,4295
2016-07-21,1.76,1.76,1.72,1.75,3757
2016-07-22,1.75,1.76,1.73,1.76,2446
2016-07-25,1.76,1.76,1.7,1.72,13280
2016-07-26,1.72,1.75,1.72,1.75,7434
2016-07-27,1.75,1.75,1.7,1.75,1155
2016-07-28,1.69,1.71,1.65,1.7,17401
2016-07-29,1.63,1.65,1.62,1.65,9516
2016-08-01,1.65,1.65,1.62,1.64,17526
2016-08-02,1.6,1.79,1.6,1.71,44701
2016-08-03,1.75,1.78,1.69,1.78,16453
2016-08-04,1.78,1.79,1.61,1.64,63493
2016-08-05,1.64,1.64,1.62,1.63,3529
2016-08-08,1.64,1.64,1.61,1.61,5541
2016-08-09,1.63,1.63,1.63,1.63,117
2016-08-10,1.63,1.63,1.59,1.62,11107
2016-08-11,1.62,1.62,1.53,1.55,25533
2016-08-12,1.53,1.58,1.46,1.5,19587
2016-08-16,1.44,1.51,1.44,1.51,1625
2016-08-17,1.47,1.51,1.47,1.51,2160
2016-08-18,1.51,1.54,1.51,1.54,1062
2016-08-19,1.54,1.55,1.49,1.49,3768
2016-08-22,1.49,1.53,1.49,1.53,4443
2016-08-23,1.52,1.52,1.49,1.49,4679
2016-08-24,1.51,1.51,1.45,1.5,12204
2016-08-25,1.5,1.5,1.48,1.5,3626
2016-08-26,1.5,1.5,1.5,1.5,3784
2016-08-29,1.5,1.52,1.49,1.51,1758
2016-08-30,1.46,1.54,1.43,1.54,50096
2016-08-31,1.54,1.58,1.53,1.58,37073
2016-09-01,1.58,1.64,1.56,1.64,45300
2016-09-02,1.68,1.77,1.68,1.74,73857
2016-09-05,1.74,1.85,1.7,1.82,55625
2016-09-06,1.84,1.85,1.82,1.83,12196
2016-09-07,1.83,1.84,1.71,1.79,77643
2016-09-08,1.73,1.76,1.71,1.74,13357
2016-09-09,1.7,1.76,1.62,1.76,23247
2016-09-12,1.74,1.79,1.69,1.75,6685
2016-09-13,1.78,1.78,1.66,1.74,17981
2016-09-14,1.74,1.74,1.65,1.7,8417
2016-09-15,1.7,1.7,1.63,1.67,3023
2016-09-16,1.67,1.68,1.62,1.68,3781
2016-09-19,1.68,1.68,1.61,1.65,1861
2016-09-20,1.65,1.65,1.63,1.64,2694
2016-09-21,1.64,1.64,1.64,1.64,2
2016-09-22,1.64,1.64,1.58,1.61,4019
2016-09-23,1.63,1.63,1.55,1.62,8841
2016-09-26,1.45,1.58,1.41,1.54,45869
2016-09-27,1.54,1.54,1.47,1.53,658
2016-09-28,1.53,1.53,1.51,1.53,199
2016-09-29,1.53,1.53,1.52,1.53,1109
2016-09-30,1.53,1.53,1.53,1.53,65
2016-10-03,1.53,1.58,1.5,1.58,469
2016-10-04,1.57,1.57,1.5,1.54,7837
2016-10-05,1.54,1.55,1.5,1.51,4539
2016-10-06,1.57,1.68,1.56,1.6,17991
2016-10-07,1.67,1.67,1.57,1.63,4274
2016-10-10,1.63,1.63,1.58,1.6,367
2016-10-11,1.6,1.6,1.54,1.6,254
2016-10-12,1.59,1.59,1.53,1.59,1196
2016-10-13,1.53,1.57,1.52,1.57,4400
2016-10-14,1.57,1.57,1.52,1.55,3448
2016-10-17,1.55,1.59,1.55,1.56,3045
2016-10-18,1.56,1.59,1.56,1.59,155
2016-10-19,1.59,1.59,1.53,1.58,566
2016-10-20,1.58,1.58,1.55,1.55,69
2016-10-21,1.55,1.57,1.55,1.57,1471
2016-10-24,1.57,1.57,1.57,1.57,143
2016-10-25,1.57,1.57,1.54,1.57,1040
2016-10-26,1.57,1.57,1.57,1.57,173
2016-10-27,1.54,1.57,1.54,1.57,1305
2016-10-28,1.57,1.57,1.56,1.57,234
2016-10-31,1.57,1.62,1.55,1.61,3002
2016-11-02,1.62,1.62,1.53,1.58,1226
2016-11-03,1.58,1.58,1.53,1.55,2441
2016-11-04,1.59,1.59,1.53,1.57,2237
2016-11-07,1.56,1.56,1.53,1.55,3160
2016-11-08,1.55,1.62,1.53,1.61,14402
2016-11-09,1.45,1.54,1.43,1.45,35413
2016-11-10,1.5,1.5,1.45,1.48,7904
2016-11-14,1.51,1.51,1.38,1.38,15899
2016-11-15,1.4,1.4,1.4,1.4,1091
2016-11-16,1.4,1.42,1.4,1.42,5243
2016-11-17,1.42,1.43,1.35,1.43,4620
2016-11-18,1.43,1.43,1.34,1.42,5627
2016-11-21,1.42,1.42,1.42,1.42,39
2016-11-22,1.42,1.42,1.34,1.38,4203
2016-11-23,1.4,1.4,1.34,1.4,1235
2016-11-24,1.4,1.4,1.36,1.4,49
2016-11-25,1.4,1.42,1.39,1.42,1938
2016-11-28,1.42,1.42,1.42,1.42,122
2016-11-29,1.41,1.41,1.41,1.41,68
2016-11-30,1.41,1.41,1.41,1.41,18
2016-12-01,1.41,1.41,1.36,1.36,1012
2016-12-02,1.38,1.42,1.36,1.42,5011
2016-12-05,1.42,1.42,1.39,1.39,5868
2016-12-06,1.39,1.5,1.37,1.44,36118
2016-12-07,1.44,1.49,1.34,1.4,22585
2016-12-08,1.4,1.4,1.4,1.4,47
2016-12-09,1.47,1.47,1.41,1.47,22190
2016-12-12,1.47,1.52,1.47,1.52,12625
2016-12-13,1.51,1.52,1.5,1.5,1324
2016-12-14,1.52,1.52,1.41,1.52,11336
2016-12-15,1.52,1.52,1.44,1.44,6574
2016-12-16,1.44,1.51,1.42,1.49,5687
2016-12-19,1.49,1.49,1.44,1.49,610
2016-12-20,1.43,1.49,1.42,1.47,3126
2016-12-21,1.44,1.44,1.44,1.44,556
2016-12-22,1.44,1.44,1.44,1.44,157
2016-12-23,1.47,1.47,1.47,1.47,5
2016-12-27,1.47,1.47,1.42,1.47,1023
2016-12-28,1.46,1.47,1.43,1.47,472
2016-12-29,1.43,1.52,1.43,1.5,20753
2016-12-30,1.5,1.55,1.47,1.47,15897
2017-01-02,1.54,1.54,1.5,1.53,10854
2017-01-03,1.56,1.58,1.52,1.58,14077
2017-01-04,1.59,1.62,1.58,1.62,10778
2017-01-05,1.62,1.64,1.62,1.63,8094
2017-01-09,1.63,1.63,1.61,1.63,1517
2017-01-10,1.63,1.63,1.57,1.63,758
2017-01-11,1.61,1.63,1.61,1.63,105
2017-01-12,1.61,1.61,1.55,1.56,2761
2017-01-13,1.63,1.63,1.61,1.62,8454
2017-01-16,1.56,1.62,1.56,1.62,542
2017-01-17,1.62,1.62,1.62,1.62,65
2017-01-18,1.55,1.62,1.54,1.62,713
2017-01-19,1.62,1.62,1.62,1.62,27
2017-01-20,1.62,1.62,1.56,1.62,524
2017-01-23,1.62,1.62,1.61,1.61,56
2017-01-24,1.6,1.63,1.54,1.62,27457
2017-01-25,1.62,1.62,1.56,1.62,2281
2017-01-26,1.61,1.62,1.56,1.61,15540
2017-01-27,1.6,1.6,1.52,1.54,6028
2017-01-30,1.62,1.62,1.56,1.58,7385
2017-01-31,1.58,1.61,1.58,1.61,1191
2017-02-01,1.6,1.6,1.58,1.6,445
2017-02-02,1.61,1.61,1.57,1.57,2286
2017-02-03,1.61,1.61,1.52,1.58,2040
2017-02-06,1.58,1.58,1.58,1.58,130
2017-02-07,1.59,1.59,1.52,1.56,5239
2017-02-08,1.56,1.56,1.5,1.55,21679
2017-02-09,1.55,1.55,1.54,1.54,1238
2017-02-10,1.54,1.54,1.54,1.54,2
2017-02-13,1.5,1.54,1.49,1.5,13598
2017-02-14,1.49,1.49,1.49,1.49,110
2017-02-15,1.49,1.49,1.47,1.49,3485
2017-02-16,1.49,1.49,1.46,1.47,4269
2017-02-17,1.46,1.46,1.44,1.44,13156
2017-02-20,1.44,1.5,1.44,1.47,3760
2017-02-21,1.49,1.49,1.48,1.48,6721
2017-02-22,1.48,1.48,1.46,1.48,8017
2017-02-23,1.49,1.49,1.42,1.47,10021
2017-02-24,1.47,1.47,1.45,1.47,4126
2017-02-27,1.47,1.6,1.47,1.6,42259
2017-02-28,1.59,1.6,1.54,1.59,3535
2017-03-01,1.54,1.54,1.52,1.54,3642
2017-03-02,1.6,1.6,1.58,1.58,2065
2017-03-03,1.55,1.55,1.53,1.55,711
2017-03-06,1.6,1.6,1.56,1.6,29
2017-03-07,1.6,1.61,1.6,1.6,11657
2017-03-08,1.6,1.6,1.6,1.6,75
2017-03-09,1.6,1.6,1.55,1.55,37
2017-03-10,1.6,1.6,1.56,1.57,4986
2017-03-13,1.6,1.6,1.6,1.6,15
2017-03-14,1.54,1.55,1.54,1.55,2927
2017-03-15,1.55,1.55,1.41,1.53,10802
2017-03-16,1.42,1.51,1.42,1.51,2716
2017-03-17,1.48,1.5,1.45,1.5,2293
2017-03-20,1.46,1.5,1.44,1.5,10783
2017-03-21,1.5,1.5,1.5,1.5,164
2017-03-22,1.5,1.5,1.5,1.5,131
2017-03-23,1.5,1.5,1.44,1.48,1499
2017-03-24,1.5,1.5,1.44,1.48,1938
2017-03-27,1.48,1.48,1.44,1.45,1932
2017-03-28,1.48,1.49,1.45,1.47,759
2017-03-29,1.48,1.48,1.48,1.48,300
2017-03-30,1.48,1.5,1.48,1.5,5129
2017-03-31,1.46,1.49,1.44,1.44,1352
2017-04-03,1.48,1.48,1.48,1.48,66
2017-04-04,1.48,1.48,1.48,1.48,133
2017-04-05,1.43,1.45,1.43,1.43,7194
2017-04-06,1.47,1.6,1.47,1.57,31842
2017-04-07,1.55,1.55,1.51,1.54,613
2017-04-10,1.54,1.54,1.53,1.54,59
2017-04-11,1.54,1.54,1.5,1.54,553
2017-04-12,1.54,1.54,1.54,1.54,53
2017-04-13,1.54,1.58,1.54,1.58,354
2017-04-18,1.58,1.58,1.5,1.56,1581
2017-04-19,1.57,1.57,1.57,1.57,558
2017-04-20,1.55,1.55,1.55,1.55,35
2017-04-21,1.55,1.55,1.53,1.53,2917
2017-04-24,1.53,1.53,1.53,1.53,683
2017-04-25,1.53,1.53,1.47,1.53,6102
2017-04-26,1.5,1.5,1.5,1.5,13
2017-04-27,1.53,1.53,1.5,1.53,282
2017-04-28,1.53,1.53,1.47,1.5,451
2017-05-02,1.47,1.47,1.45,1.47,2052
2017-05-04,1.47,1.49,1.41,1.44,14329
2017-05-05,1.48,1.48,1.42,1.48,893
2017-05-08,1.48,1.48,1.43,1.43,3508
2017-05-09,1.48,1.48,1.42,1.48,331
2017-05-10,1.48,1.49,1.45,1.49,1634
2017-05-11,1.49,1.49,1.49,1.49,5
2017-05-12,1.48,1.48,1.48,1.48,48
2017-05-15,1.41,1.41,1.28,1.39,9988
2017-05-16,1.39,1.4,1.35,1.38,1067
2017-05-17,1.38,1.38,1.33,1.36,2785
2017-05-18,1.36,1.4,1.36,1.4,14
2017-05-19,1.4,1.4,1.38,1.4,2515
2017-05-22,1.4,1.42,1.4,1.42,2513
2017-05-23,1.4,1.48,1.4,1.48,6343
2017-05-24,1.47,1.47,1.4,1.47,1192
2017-05-25,1.48,1.48,1.4,1.45,24669
2017-05-26,1.41,1.48,1.41,1.48,6818
2017-05-29,1.48,1.48,1.48,1.48,1
2017-05-30,1.46,1.46,1.41,1.45,551
2017-05-31,1.45,1.45,1.45,1.45,2
2017-06-01,1.45,1.45,1.4,1.41,5506
2017-06-02,1.44,1.44,1.4,1.44,7507
2017-06-05,1.44,1.44,1.4,1.44,10457
2017-06-06,1.4,1.43,1.4,1.43,5804
2017-06-07,1.4,1.43,1.4,1.43,1571
2017-06-08,1.43,1.44,1.4,1.44,5191
2017-06-09,1.44,1.44,1.4,1.44,2352
2017-06-12,1.44,1.44,1.4,1.43,378
2017-06-13,1.44,1.44,1.4,1.43,2615
2017-06-14,1.42,1.42,1.42,1.42,62
2017-06-16,1.44,1.44,1.4,1.42,277
2017-06-19,1.44,1.44,1.34,1.34,2885
2017-06-20,1.44,1.44,1.34,1.4,4742
2017-06-21,1.4,1.44,1.4,1.44,2286
2017-06-22,1.44,1.44,1.4,1.44,7423
2017-06-23,1.44,1.44,1.42,1.44,681
2017-06-26,1.44,1.44,1.44,1.44,74
2017-06-27,1.44,1.44,1.44,1.44,41
2017-06-28,1.44,1.44,1.43,1.43,281
2017-06-29,1.44,1.44,1.4,1.44,66420
2017-06-30,1.45,1.48,1.44,1.46,4354
2017-07-03,1.48,1.48,1.48,1.48,2
2017-07-04,1.48,1.48,1.48,1.48,2
2017-07-05,1.48,1.48,1.39,1.43,4003
2017-07-06,1.43,1.43,1.43,1.43,2
2017-07-07,1.43,1.57,1.43,1.54,31669
2017-07-10,1.55,1.58,1.4,1.4,15019
2017-07-11,1.4,1.49,1.4,1.49,915
2017-07-12,1.56,1.56,1.56,1.56,10
2017-07-13,1.52,1.52,1.52,1.52,60
2017-07-17,1.55,1.55,1.53,1.53,199
2017-07-18,1.53,1.53,1.45,1.53,2559
2017-07-19,1.53,1.53,1.45,1.52,2278
2017-07-20,1.46,1.54,1.45,1.54,6366
2017-07-21,1.54,1.54,1.54,1.54,16
2017-07-24,1.5,1.5,1.45,1.48,273
2017-07-25,1.5,1.5,1.42,1.42,2100
2017-07-26,1.49,1.49,1.42,1.42,69
2017-07-27,1.49,1.49,1.4,1.48,3786
2017-07-28,1.48,1.48,1.45,1.45,117
2017-07-31,1.48,1.48,1.48,1.48,10
2017-08-01,1.4,1.48,1.39,1.4,25982
2017-08-02,1.46,1.46,1.4,1.45,946
2017-08-03,1.45,1.45,1.45,1.45,18
2017-08-04,1.45,1.45,1.33,1.43,3475
2017-08-07,1.45,1.45,1.44,1.44,26
2017-08-08,1.44,1.44,1.36,1.44,5009
2017-08-09,1.45,1.45,1.45,1.45,21
2017-08-10,1.45,1.45,1.42,1.42,28
2017-08-11,1.35,1.39,1.31,1.39,10404
2017-08-14,1.39,1.47,1.39,1.47,5200
2017-08-16,1.46,1.46,1.44,1.44,28
2017-08-17,1.38,1.47,1.38,1.46,728
2017-08-18,1.46,1.46,1.46,1.46,5
2017-08-21,1.46,1.47,1.41,1.47,1524
2017-08-22,1.47,1.47,1.35,1.37,632
2017-08-23,1.45,1.45,1.41,1.41,1485
2017-08-24,1.41,1.47,1.41,1.47,4487
2017-08-25,1.47,1.47,1.41,1.41,72
2017-08-28,1.36,1.4,1.36,1.4,1010
2017-08-29,1.4,1.4,1.35,1.35,3046
2017-08-30,1.4,1.4,1.34,1.4,1684
2017-08-31,1.4,1.47,1.4,1.45,5528
2017-09-01,1.46,1.46,1.45,1.45,43
2017-09-04,1.45,1.45,1.45,1.45,26
2017-09-05,1.46,1.46,1.45,1.45,60
2017-09-06,1.45,1.45,1.45,1.45,43
2017-09-07,1.45,1.45,1.45,1.45,49
2017-09-08,1.45,1.45,1.38,1.38,1233
2017-09-11,1.45,1.45,1.43,1.43,3902
2017-09-12,1.45,1.45,1.43,1.45,6002
2017-09-13,1.45,1.45,1.36,1.4,2269
2017-09-14,1.45,1.45,1.36,1.41,10443
2017-09-15,1.41,1.45,1.41,1.45,1044
2017-09-18,1.44,1.44,1.44,1.44,16
2017-09-19,1.45,1.45,1.45,1.45,19
2017-09-20,1.45,1.45,1.45,1.45,1059
2017-09-21,1.45,1.45,1.42,1.42,104
2017-09-22,1.45,1.45,1.45,1.45,70
2017-09-25,1.45,1.45,1.36,1.45,452
2017-09-26,1.45,1.45,1.42,1.45,946
2017-09-27,1.44,1.44,1.44,1.44,4
2017-09-28,1.44,1.44,1.36,1.44,5410
2017-09-29,1.43,1.43,1.43,1.43,55
2017-10-02,1.43,1.43,1.36,1.43,2926
2017-10-03,1.43,1.43,1.43,1.43,32
2017-10-04,1.43,1.43,1.36,1.42,2489
2017-10-05,1.42,1.42,1.42,1.42,46
2017-10-06,1.42,1.42,1.42,1.42,4
2017-10-09,1.43,1.43,1.41,1.41,146
2017-10-10,1.4,1.4,1.36,1.4,391
2017-10-11,1.4,1.45,1.36,1.45,45389
2017-10-12,1.45,1.56,1.43,1.43,20346
2017-10-13,1.5,1.5,1.42,1.45,5470
2017-10-16,1.49,1.49,1.41,1.49,2258
2017-10-17,1.49,1.53,1.47,1.53,1074
2017-10-18,1.52,1.52,1.44,1.5,708
2017-10-19,1.52,1.52,1.44,1.51,606
2017-10-20,1.5,1.5,1.5,1.5,24
2017-10-23,1.49,1.49,1.44,1.44,131
2017-10-24,1.5,1.5,1.37,1.42,5713
2017-10-25,1.45,1.59,1.45,1.59,27066
2017-10-26,1.58,1.58,1.52,1.57,6311
2017-10-27,1.57,1.57,1.52,1.57,11484
2017-10-30,1.57,1.57,1.52,1.57,3530
2017-10-31,1.58,1.58,1.44,1.56,11571
2017-11-02,1.56,1.58,1.53,1.58,11677
2017-11-03,1.58,1.58,1.58,1.58,15
2017-11-06,1.57,1.57,1.57,1.57,154
2017-11-07,1.58,1.58,1.58,1.58,2
2017-11-08,1.58,1.58,1.49,1.56,4266
2017-11-09,1.57,1.57,1.57,1.57,7
2017-11-10,1.52,1.52,1.47,1.5,12974
2017-11-13,1.55,1.55,1.45,1.5,6604
2017-11-14,1.5,1.5,1.48,1.48,52
2017-11-15,1.5,1.5,1.35,1.35,13323
2017-11-16,1.36,1.37,1.36,1.37,2444
2017-11-17,1.43,1.45,1.43,1.45,3400
2017-11-20,1.45,1.49,1.44,1.49,1195
2017-11-21,1.49,1.49,1.49,1.49,20
2017-11-22,1.49,1.5,1.48,1.48,7581
2017-11-23,1.48,1.48,1.48,1.48,163
2017-11-24,1.48,1.48,1.4,1.4,6439
2017-11-27,1.46,1.46,1.42,1.42,395
2017-11-28,1.46,1.46,1.46,1.46,17
2017-11-29,1.46,1.47,1.46,1.47,824
2017-11-30,1.47,1.47,1.47,1.47,66
2017-12-01,1.46,1.46,1.4,1.46,1538
2017-12-04,1.46,1.47,1.42,1.47,2065
2017-12-05,1.47,1.47,1.42,1.46,2086
2017-12-06,1.42,1.46,1.42,1.46,3309
2017-12-07,1.46,1.46,1.42,1.46,2152
2017-12-08,1.45,1.45,1.45,1.45,38
2017-12-11,1.46,1.46,1.46,1.46,69
2017-12-12,1.46,1.46,1.42,1.42,5002
2017-12-13,1.42,1.54,1.42,1.52,24677
2017-12-14,1.52,1.52,1.52,1.52,119
2017-12-15,1.52,1.61,1.52,1.55,18231
2017-12-18,1.55,1.55,1.45,1.45,12233
2017-12-19,1.54,1.54,1.42,1.42,4387
2017-12-20,1.49,1.49,1.49,1.49,2
2017-12-21,1.48,1.56,1.41,1.56,25150
2017-12-22,1.47,1.56,1.47,1.51,5466
2017-12-27,1.51,1.57,1.51,1.51,16664
2017-12-28,1.54,1.59,1.54,1.59,24242
2017-12-29,1.59,1.73,1.59,1.6,49903
2018-01-03,1.65,1.74,1.65,1.74,13701
2018-01-04,1.73,1.76,1.67,1.73,16893
2018-01-05,1.7,1.73,1.7,1.73,1075
2018-01-08,1.73,1.73,1.7,1.71,4049
2018-01-09,1.72,1.72,1.67,1.67,1837
2018-01-10,1.7,1.7,1.64,1.64,4524
2018-01-11,1.69,1.69,1.61,1.61,2797
2018-01-12,1.68,1.68,1.61,1.68,293
2018-01-15,1.68,1.68,1.6,1.66,4455
2018-01-16,1.66,1.66,1.58,1.65,5413
2018-01-17,1.66,1.66,1.65,1.66,707
2018-01-18,1.66,1.66,1.65,1.65,1202
2018-01-19,1.66,1.66,1.66,1.66,1228
2018-01-22,1.66,1.66,1.6,1.66,6915
2018-01-23,1.67,1.67,1.6,1.66,16056
2018-01-24,1.65,1.66,1.65,1.66,1697
2018-01-25,1.68,1.68,1.68,1.68,21
2018-01-26,1.68,1.68,1.65,1.68,2934
2018-01-29,1.68,1.71,1.68,1.71,869
2018-01-30,1.71,1.71,1.62,1.7,10786
2018-01-31,1.71,1.71,1.7,1.7,171
2018-02-01,1.71,1.71,1.7,1.7,183
2018-02-02,1.7,1.7,1.66,1.7,522
2018-02-05,1.66,1.7,1.66,1.7,2139
2018-02-06,1.69,1.69,1.56,1.61,15424
2018-02-07,1.66,1.66,1.62,1.64,3971
2018-02-08,1.65,1.66,1.65,1.65,657
2018-02-09,1.62,1.65,1.56,1.65,2814
2018-02-12,1.64,1.65,1.64,1.65,8310
2018-02-13,1.61,1.66,1.61,1.66,558
2018-02-14,1.66,1.66,1.56,1.62,3514
2018-02-15,1.57,1.57,1.57,1.57,999
2018-02-16,1.6,1.6,1.6,1.6,72
2018-02-19,1.6,1.6,1.6,1.6,708
2018-02-21,1.55,1.55,1.55,1.55,3522
2018-02-23,1.59,1.6,1.59,1.6,389
2018-02-26,1.6,1.6,1.56,1.6,45
2018-02-27,1.6,1.6,1.56,1.56,1802
2018-02-28,1.6,1.6,1.56,1.56,1247
2018-03-01,1.6,1.6,1.55,1.6,287
2018-03-02,1.6,1.62,1.6,1.62,11177
2018-03-05,1.64,1.68,1.61,1.61,4024
2018-03-06,1.61,1.66,1.57,1.57,10865
2018-03-07,1.64,1.64,1.63,1.64,892
2018-03-08,1.63,1.63,1.63,1.63,98
2018-03-09,1.63,1.63,1.57,1.57,1089
2018-03-12,1.61,1.61,1.61,1.61,57
2018-03-13,1.62,1.63,1.6,1.62,2225
2018-03-14,1.62,1.62,1.62,1.62,277
2018-03-15,1.62,1.64,1.62,1.62,1083
2018-03-16,1.64,1.67,1.58,1.61,9057
2018-03-19,1.67,1.67,1.58,1.58,520
2018-03-20,1.65,1.65,1.53,1.6,21544
2018-03-21,1.6,1.6,1.57,1.6,8032
2018-03-22,1.6,1.6,1.56,1.56,4875
2018-03-23,1.6,1.6,1.56,1.6,5004
2018-03-26,1.6,1.6,1.58,1.58,162
2018-03-27,1.6,1.6,1.6,1.6,37
2018-03-28,1.6,1.6,1.59,1.59,1002
2018-03-29,1.6,1.6,1.6,1.6,2
2018-04-03,1.55,1.55,1.55,1.55,2000
2018-04-04,1.55,1.56,1.55,1.56,21
2018-04-05,1.55,1.55,1.46,1.55,9390
2018-04-06,1.55,1.55,1.54,1.55,5577
2018-04-09,1.59,1.59,1.59,1.59,34
2018-04-10,1.59,1.59,1.5,1.5,3223
2018-04-11,1.59,1.59,1.59,1.59,51
2018-04-12,1.59,1.59,1.59,1.59,35
2018-04-13,1.59,1.59,1.59,1.59,41
2018-04-16,1.59,1.59,1.59,1.59,46
2018-04-17,1.59,1.59,1.56,1.59,348
2018-04-18,1.59,1.59,1.59,1.59,50
2018-04-19,1.59,1.59,1.59,1.59,24
2018-04-20,1.59,1.59,1.59,1.59,2
2018-04-23,1.55,1.55,1.55,1.55,55
2018-04-24,1.55,1.55,1.55,1.55,30
2018-04-25,1.55,1.55,1.5,1.5,3011
2018-04-26,1.5,1.55,1.5,1.55,255
2018-04-27,1.55,1.55,1.55,1.55,1
2018-04-30,1.5,1.55,1.47,1.55,1579
2018-05-02,1.52,1.52,1.52,1.52,10
2018-05-04,1.5,1.5,1.5,1.5,1
2018-05-07,1.5,1.5,1.45,1.49,812
2018-05-08,1.49,1.49,1.45,1.49,1634
2018-05-09,1.49,1.49,1.41,1.43,6557
2018-05-10,1.44,1.44,1.34,1.39,10299
2018-05-11,1.39,1.39,1.35,1.39,4690
2018-05-14,1.46,1.56,1.46,1.55,49208
2018-05-15,1.56,1.6,1.56,1.58,11349
2018-05-16,1.58,1.6,1.55,1.6,5801
2018-05-17,1.61,1.61,1.55,1.6,10108
2018-05-18,1.6,1.6,1.6,1.6,62
2018-05-21,1.6,1.6,1.55,1.59,11843
2018-05-22,1.59,1.59,1.55,1.56,19101
2018-05-23,1.56,1.56,1.55,1.55,4955
2018-05-24,1.55,1.55,1.52,1.55,2459
2018-05-25,1.55,1.56,1.55,1.56,344
2018-05-28,1.56,1.56,1.5,1.55,2516
2018-05-29,1.55,1.55,1.51,1.55,1699
2018-05-30,1.55,1.6,1.55,1.59,6345
2018-06-01,1.59,1.59,1.59,1.59,409
2018-06-04,1.59,1.59,1.49,1.54,6271
2018-06-05,1.54,1.54,1.51,1.54,339
2018-06-06,1.56,1.56,1.51,1.56,2565
2018-06-07,1.56,1.56,1.51,1.56,633
2018-06-08,1.56,1.56,1.51,1.54,576
2018-06-11,1.54,1.54,1.51,1.54,3335
2018-06-12,1.54,1.54,1.53,1.53,138
2018-06-13,1.53,1.53,1.47,1.53,5246
2018-06-14,1.52,1.52,1.48,1.52,200
2018-06-15,1.52,1.52,1.48,1.51,577
2018-06-18,1.51,1.51,1.42,1.49,1399
2018-06-19,1.49,1.49,1.49,1.49,54
2018-06-20,1.5,1.5,1.44,1.48,1061
2018-06-21,1.48,1.48,1.47,1.47,203
2018-06-22,1.47,1.47,1.37,1.47,8727
2018-06-25,1.47,1.47,1.47,1.47,49
2018-06-26,1.47,1.47,1.4,1.4,1905
2018-06-27,1.47,1.47,1.36,1.47,127
2018-06-28,1.47,1.47,1.39,1.47,1042
2018-06-29,1.47,1.47,1.47,1.47,21
2018-07-02,1.47,1.47,1.42,1.42,22
2018-07-03,1.42,1.42,1.42,1.42,312
2018-07-04,1.42,1.42,1.42,1.42,13
2018-07-05,1.42,1.42,1.42,1.42,13
2018-07-06,1.42,1.42,1.42,1.42,13
2018-07-09,1.42,1.42,1.42,1.42,13
2018-07-10,1.37,1.42,1.37,1.42,4036
2018-07-11,1.47,1.47,1.4,1.47,62
2018-07-12,1.46,1.46,1.46,1.46,13
2018-07-13,1.47,1.47,1.44,1.46,7157
2018-07-16,1.47,1.47,1.41,1.45,1024
2018-07-17,1.45,1.45,1.45,1.45,22
2018-07-18,1.45,1.45,1.45,1.45,38
2018-07-19,1.45,1.48,1.45,1.48,3241
2018-07-20,1.48,1.48,1.48,1.48,45
2018-07-23,1.49,1.49,1.47,1.47,1023
2018-07-24,1.49,1.5,1.49,1.5,842
2018-07-25,1.53,1.53,1.5,1.5,83
2018-07-26,1.53,1.55,1.52,1.52,2056
2018-07-27,1.55,1.55,1.5,1.54,306
2018-07-30,1.54,1.54,1.54,1.54,124
2018-07-31,1.55,1.64,1.55,1.64,18509
2018-08-01,1.66,1.68,1.66,1.66,1428
2018-08-02,1.67,1.68,1.6,1.6,10921
2018-08-03,1.63,1.63,1.6,1.63,442
2018-08-06,1.52,1.61,1.52,1.61,193
2018-08-07,1.61,1.61,1.61,1.61,41
2018-08-08,1.61,1.61,1.61,1.61,38
2018-08-09,1.6,1.6,1.6,1.6,37
2018-08-10,1.61,1.63,1.57,1.63,4339
2018-08-13,1.62,1.68,1.52,1.62,12143
2018-08-14,1.62,1.62,1.61,1.62,5982
2018-08-16,1.68,1.68,1.64,1.67,5572
2018-08-17,1.67,1.68,1.67,1.68,20
2018-08-20,1.67,1.67,1.62,1.67,12261
2018-08-21,1.67,1.67,1.53,1.65,9703
2018-08-22,1.66,1.66,1.64,1.64,117
2018-08-23,1.64,1.66,1.64,1.65,1973
2018-08-24,1.64,1.64,1.62,1.64,2815
2018-08-27,1.64,1.64,1.58,1.61,2221
2018-08-28,1.61,1.64,1.58,1.64,2970
2018-08-29,1.64,1.64,1.64,1.64,1021
2018-08-30,1.6,1.66,1.6,1.63,1051
2018-08-31,1.63,1.66,1.63,1.66,23
2018-09-03,1.66,1.68,1.66,1.68,605
2018-09-04,1.68,1.68,1.55,1.6,9459
2018-09-05,1.6,1.6,1.55,1.6,374
2018-09-06,1.6,1.6,1.55,1.6,312
2018-09-07,1.6,1.6,1.5,1.56,10785